<?xml version="1.0" encoding="UTF-8"?>
<LsOmaClient>
	<FileTypeMap>
	  <File
		 ContentType="application/vnd.oma.drm.message"
		 Extension=".dcf"
		 SaveLocation="/mnt/sdcard/download"
		 Command=""
    />
        <File
            ContentType="application/vnd.oma.drm.content"
            Extension=".dcf"
            SaveLocation="/mnt/sdcard/download"
            Command=""
        />
		<File
			ContentType="audio/rtx"
			Extension=".rtx"
			SaveLocation="/mnt/sdcard/download"
			Command=""
		/>
		<File
			ContentType="audio/xmf"
			Extension=".dcf"
			SaveLocation="/mnt/sdcard/download"
			Command=""
		/>
		<File
			ContentType="audio/mpeg"
			Extension=".dcf"
			SaveLocation="/mnt/sdcard/download"
			Command=""
		/>
		<File
			ContentType="audio/3gpp"
			Extension=".3gpp"
			SaveLocation="/mnt/sdcard/download"
			Command=""
		/>
		<File
			ContentType="audio/3gpp2"
			Extension=".3g2"
			SaveLocation="/mnt/sdcard/download"
			Command=""
		/>
		<File
			ContentType="audio/aac"
			Extension=".aac"
			SaveLocation="/mnt/sdcard/download"
			Command=""
		/>
		<File
			ContentType="audio/amr-wb"
			Extension=".amr"
			SaveLocation="/mnt/sdcard/download"
			Command=""
		/>
		<File
			ContentType="audio/amr-nb"
			Extension=".amr"
			SaveLocation="/mnt/sdcard/download"
			Command=""
		/>
		<File
			ContentType="audio/AMR"
			Extension=".amr"
			SaveLocation="/mnt/sdcard/download"
			Command=""
		/>
		<File
			ContentType="audio/amr"
			Extension=".amr"
			SaveLocation="/mnt/sdcard/download"
			Command=""
		/>
		<File
			ContentType="audio/iMelody"
			Extension=".imy"
			SaveLocation="/mnt/sdcard/download"
			Command=""
		/>
		<File
			ContentType="audio/imelody"
			Extension=".imy"
			SaveLocation="/mnt/sdcard/download"
			Command=""
		/>
		<File
			ContentType="audio/m4a"
			Extension=".m4a"
			SaveLocation="/mnt/sdcard/download"
			Command=""
		/>
		<File
			ContentType="audio/mid"
			Extension=".mid"
			SaveLocation="/mnt/sdcard/download"
			Command=""
		/>
		<File
			ContentType="audio/midi"
			Extension=".mid"
			SaveLocation="/mnt/sdcard/download"
			Command=""
		/>
		<File
			ContentType="audio/sp-midi"
			Extension=".mid"
			SaveLocation="/mnt/sdcard/download"
			Command=""
		/>
		<File
			ContentType="audio/mp3"
			Extension=".mp3"
			SaveLocation="/mnt/sdcard/download"
			Command=""
		/>
		<File
			ContentType="audio/mpeg3"
			Extension=".mp3"
			SaveLocation="/mnt/sdcard/download"
			Command=""
		/>
		<File
			ContentType="video/mpeg4"
			Extension=".mp4"
			SaveLocation="/mnt/sdcard/download"
			Command=""
		/>
		<File
			ContentType="audio/ogg"
			Extension=".ogg"
			SaveLocation="/mnt/sdcard/download"
			Command=""
		/>
		<File
			ContentType="audio/wav" 
			Extension=".wav" 
			SaveLocation="/mnt/sdcard/download" 
			Command="" 
		/>
		<File
			ContentType="audio/x-wav" 
			Extension=".wav" 
			SaveLocation="/mnt/sdcard/download" 
			Command="" 
		/>
		<File
			ContentType="audio/wav" 
			Extension=".wav" 
			SaveLocation="/mnt/sdcard/download" 
			Command="" 
		/>
		<File
			ContentType="image/bmp"
			Extension=".bmp"
			SaveLocation="/mnt/sdcard/download"
			Command=""
		/>
		<File
			ContentType="image/gif"
			Extension=".gif"
			SaveLocation="/mnt/sdcard/download"
			Command=""
		/>
		<File 
			ContentType="image/jpeg" 
			Extension=".jpg" 
			SaveLocation="/mnt/sdcard/download" 
			Command="" 
		/>
		<File 
			ContentType="image/jpg" 
			Extension=".jpg" 
			SaveLocation="/mnt/sdcard/download" 
			Command="" 
		/>
		<File 
			ContentType="image/png" 
			Extension=".png" 
			SaveLocation="/mnt/sdcard/download" 
			Command="" 
		/>
		<File
			ContentType="image/vnd.wap.wbmp"
			Extension=".wbmp"
			SaveLocation="/mnt/sdcard/download"
			Command=""
		/>
		<File
			ContentType="video/3gpp"
			Extension=".3gp"
			SaveLocation="/mnt/sdcard/download"
			Command=""
		/>
		<File
			ContentType="video/3gpp2"
			Extension=".3g2"
			SaveLocation="/mnt/sdcard/download"
			Command=""
		/>
		<File
			ContentType="video/mp4"
			Extension=".mp4"
			SaveLocation="/mnt/sdcard/download"
			Command=""
		/>

	</FileTypeMap>

	<Settings
		IngestAlways="1"
		AttributeMismatch="0"
		CanSendProxy="0"
		CanRecvProxy="0"
		EnableActiveWait="1"
		MaxActiveWait="30"
		EnableRightsPrompt="1"
		ValidateSchemas="0"
		ShowLicenseInfoVerbose="0"
		BlockCountBasedRingtones="1"
		BlockCountBasedWallpaper="1"
		IngestionFileWriteBufferSize="131072"
		EnableLaunchActivatedFilePrompt="1"
		EnableUnexpectedRightsPrompt="1"
		EnableDrmStoreScanner="0"		
		EnableIngestRightsPrompt="0"
		EnableIngestRightsNotify="1"
		EnableWarningFileExist="0"		
		UpdateTimeOnStartup="0"		
		ConnectionTimeOut="120"
		DownloadingTimeOut="120"
		GotoNextURLAfterLaunchApp="1"
		ConnectionTimeOutWhenUpdateTime="60"
		DownloadingTimeOutWhenUpdateTime="6"
		UAProf=""
		UserAgent="Irdeto/2.0 (OMA DRM Client; Linux)"
        GlobalRegistrationUrl="http://202.108.92.230/oma21/HandleRequest.aspx"
	/>
	<TimeServers>
		<TimeServerUrl>http://time-a.nist.gov:13</TimeServerUrl>
		<TimeServerUrl>http://time-b.nist.gov:13</TimeServerUrl>
		<TimeServerUrl>http://time.nist.gov:13</TimeServerUrl>
		<TimeServerUrl>http://utcnist.colorado.edu:13</TimeServerUrl>
		<TimeServerUrl>http://nist1.symmetricom.com:13</TimeServerUrl>
		<TimeServerUrl>http://time-nw.nist.gov:13</TimeServerUrl>
		<TimeServerUrl>http://time-a.timefreq.bldrdoc.gov:13</TimeServerUrl>
		<TimeServerUrl>http://time-b.timefreq.bldrdoc.gov:13</TimeServerUrl>
		<TimeServerUrl>http://time-c.timefreq.bldrdoc.gov:13</TimeServerUrl>
		<TimeServerUrl>http://nist1.aol-ca.truetime.com:13</TimeServerUrl>
	</TimeServers>
</LsOmaClient>
