<?xml version="1.0" encoding="utf-8"?>
<spnOverrides>
  <!-- Japan -->
  <spnOverride numeric="44020" spn="SoftBank"/>
  <!-- Hong Kong -->
  <spnOverride numeric="45406" spn="SmarTone" />
  <spnOverride numeric="45412" spn="中國移動" />
  <!-- China -->
  <spnOverride numeric="46000" spn="中国移动" />
  <spnOverride numeric="46001" spn="中国联通" />
  <spnOverride numeric="46002" spn="中国移动" />
  <spnOverride numeric="46003" spn="中国电信" />
  <spnOverride numeric="46007" spn="中国移动" />
  <!-- Taiwan -->
  <spnOverride numeric="46601" spn="遠傳電信" />
  <spnOverride numeric="46688" spn="和信電訊" />
  <spnOverride numeric="46689" spn="威寶電信" />
  <spnOverride numeric="46692" spn="中華電信" />
  <spnOverride numeric="46693" spn="東信電訊" />
  <spnOverride numeric="46697" spn="台灣大哥大" />
  <spnOverride numeric="46699" spn="泛亞電信" />
</spnOverrides>
